frontmatter:

chapters/frontmatter/acknowledgments.txt
chapters/frontmatter/preface.txt
chapters/frontmatter/introduction.txt




mainmatter:

chapters/beginning/00-section.txt
chapters/beginning/01-new_app.txt
chapters/beginning/02-git.txt
chapters/beginning/03-postgresql.txt
chapters/beginning/04-basic_settings.txt
chapters/beginning/05-testpages.txt
chapters/beginning/06-figaro.txt
chapters/beginning/07-heroku.txt
chapters/beginning/08-testpages_i18n.txt
chapters/beginning/09-github_readme.txt




chapters/frontend_assets/00-section.txt
chapters/frontend_assets/01-basic_template.txt
chapters/frontend_assets/02-mockup_test.txt
chapters/frontend_assets/03-bootstrap_switch.txt




chapters/mockup/00-section.txt
chapters/mockup/01-mockup_homepage.txt
chapters/mockup/02-mockup_login.txt
chapters/mockup/03-mockup-startpage.txt
chapters/mockup/04-mockup-global_settings_logout.txt
chapters/mockup/05-mockup-global_settings_language.txt
chapters/mockup/06-mockup_people_index.txt
chapters/mockup/07-mockup_companies_index.txt
chapters/mockup/08-mockup_select_relateds_index.txt
chapters/mockup/09-mockup_people_show.txt
chapters/mockup/10-mockup_companies_show.txt
chapters/mockup/11-mockup_people_edit.txt
chapters/mockup/12-mockup_companies_edit.txt
chapters/mockup/13-mockup_people_new.txt
chapters/mockup/14-mockup_companies_new.txt




chapters/login_authentication/00-section.txt
chapters/login_authentication/01-homepage.txt
chapters/login_authentication/02-login_devise_install.txt
chapters/login_authentication/03-login_devise_views.txt
chapters/login_authentication/04-login_devise_i18n.txt




chapters/startpage/00-section.txt
chapters/startpage/01-startpage.txt
chapters/startpage/02-multiple_windows.txt




chapters/homepage/00-section.txt
chapters/homepage/01-global_settings_logout.txt
chapters/homepage/02-homepage_show.txt
chapters/homepage/03-homepage_i18n.txt
chapters/homepage/04-select_relateds_seeds_i18n_globalize.txt
chapters/homepage/05-select_relateds_virtual_attributes.txt
chapters/homepage/06-select_relateds_search.txt
chapters/homepage/07-select_relateds_pagination.txt
chapters/homepage/08-button_close_params_last.txt
chapters/homepage/09-homepage_dynamic_breadcrumbs.txt




chapters/companies_people/00-section.txt
chapters/companies_people/01-people_seeds.txt
chapters/companies_people/02-companies_seeds.txt
chapters/companies_people/03_homepage_companies_people.txt
chapters/companies_people/04-companies_people_show.txt
chapters/companies_people/05-companies_people_edit.txt
chapters/companies_people/06-companies_people_new.txt
chapters/companies_people/07-companies_people_destroy.txt
chapters/companies_people/08-upload_images_companies_people.txt
chapters/companies_people/09-upload_images_aws_s3.txt
chapters/companies_people/10-upload_images_delete.txt




chapters/addresses_contacts/00-section.txt
chapters/addresses_contacts/01-addresses_seeds.txt
chapters/addresses_contacts/02-contacts_seeds.txt
chapters/addresses_contacts/03-contacts_index_side_person.txt
chapters/addresses_contacts/04-addresses_index_side_person.txt
chapters/addresses_contacts/05-contacts_index_side_company.txt
chapters/addresses_contacts/06-addresses_index_side_company.txt
chapters/addresses_contacts/07_contacts_edit.txt
chapters/addresses_contacts/08_addresses_edit.txt
chapters/addresses_contacts/09_contacts_new.txt
chapters/addresses_contacts/10_addresses_new.txt
chapters/addresses_contacts/11_addresses_contacts_destroy.txt




chapters/company_person_maps/00-section.txt
chapters/company_person_maps/01-cpmaps_seeds.txt
chapters/company_person_maps/02-cpmaps_index.txt
chapters/company_person_maps/03-cpmaps_edit.txt
chapters/company_person_maps/04-cpmaps_edit_select.txt
chapters/company_person_maps/05-cpmaps_new.txt
chapters/company_person_maps/06-cpmaps_delete.txt




chapters/favorites_company_person_maps/00-section.txt
chapters/favorites_company_person_maps/01-favorites_cpmaps_seeds.txt
chapters/favorites_company_person_maps/02-favorites_cpmaps_edit_destroy.txt
chapters/favorites_company_person_maps/03-company_or_person_favorites_list.txt
chapters/favorites_company_person_maps/04-favorites_cpmaps_new.txt
chapters/favorites_company_person_maps/05-jump_to_associate_person.txt
chapters/favorites_company_person_maps/06-new_person_new_istance.txt
chapters/favorites_company_person_maps/07-new_company_new_istance.txt




chapters/favorites_addresses_contacts/00-section.txt
chapters/favorites_addresses_contacts/01-favorites_addresses_seeds.txt
chapters/favorites_addresses_contacts/02-favorites_contacts_seeds.txt
chapters/favorites_addresses_contacts/03-company_or_person_favorites_list.txt
chapters/favorites_addresses_contacts/04-favorites_addresses_edit_destroy.txt
chapters/favorites_addresses_contacts/05-favorites_contacts_edit_destroy.txt
chapters/favorites_addresses_contacts/06-favorites_addresses_new.txt
chapters/favorites_addresses_contacts/07-favorites_contacts_new.txt




chapters/favorites_homepage/00-section.txt
chapters/favorites_homepage/01-favorites_users_seeds.txt.txt
chapters/favorites_homepage/02-favorites_companies_edit_destroy.txt
chapters/favorites_homepage/03-favorites_people_edit_destroy.txt
chapters/favorites_homepage/04-homepage_favorites_list.txt
chapters/favorites_homepage/05-favorites_companies_new.txt
chapters/favorites_homepage/06-favorites_people_new.txt




chapters/histories/00-section.txt
chapters/histories/01-histories_seeds.txt
chapters/histories/02-histories_index_side_person.txt
chapters/histories/03-histories_index_side_company.txt
chapters/histories/04-histories_edit.txt
chapters/histories/05-histories_new.txt
chapters/histories/06-histories_destroy.txt




chapters/components/00-section.txt
chapters/components/01-components_seeds.txt
chapters/components/02-homepage_components.txt
chapters/components/03-components_show.txt
chapters/components/04-components_edit.txt
chapters/components/05-components_descriptions_prices.txt
chapters/components/06-components_new.txt
chapters/components/07-components_destroy.txt
chapters/components/08-upload_images_components.txt
chapters/components/09-upload_images_aws_s3.txt
chapters/components/10-upload_images_delete.txt




chapters/products/00-section.txt
chapters/products/.txt



chapters/dossiers/00-section.txt
chapters/dossiers/.txt


code/beginning/section.txt
code/beginning/postgresql.txt
code/beginning/basic_settings.txt
code/beginning/figaro.txt
code/beginning/testpages_i18n.txt
code/beginning/github_readme.txt




code/frontend_assets/section.txt
code/frontend_assets/basic_template.txt
code/frontend_assets/mockup_test.txt
code/frontend_assets/bootstrap_switch.txt




code/mockup/mockup_global_settings_logout.txt




code/login_authentication/section.txt
code/login_authentication/homepage.txt
code/login_authentication/login_devise.txt
code/login_authentication/global_settings_logout.txt



code/homepage/section.txt
code/homepage/global_settings_logout.txt
